{
  "split": "test",
  "scene_name": "a89557fc-1268-36e5-9cce-335f2da27bc8",
  "scene_path": "/home/jovyan/datasets/self-driving/argoverse2/sensor/test/a89557fc-1268-36e5-9cce-335f2da27bc8",
  "global_idx": 14779,
  "scene_idx": 94,
  "scene_sample_idx": 15,
  "cameras": {
    "ring_rear_left": {
      "timestamp_ns": 315976433757428266,
      "image": "ring_rear_left.jpg",
      "translation": [
        1.0673828125,
        0.14013671875,
        1.443511962890625
      ],
      "quaternion_wxyz": [
        0.6006659865379333,
        -0.6025901436805725,
        -0.37157440185546875,
        0.37150833010673523
      ],
      "fovx_rad": 1.092642903327942,
      "fovy_rad": 0.8626044988632202,
      "intrinsics": [
        [
          0.8222936391830444,
          0.0,
          0.5005519986152649
        ],
        [
          0.0,
          1.0864886045455933,
          0.499908447265625
        ],
        [
          0.0,
          0.0,
          1.0
        ]
      ],
      "width": 507,
      "height": 384
    },
    "ring_side_left": {
      "timestamp_ns": 315976433772412941,
      "image": "ring_side_left.jpg",
      "translation": [
        1.3017578125,
        0.299560546875,
        1.430877685546875
      ],
      "quaternion_wxyz": [
        0.6863289475440979,
        -0.7223511338233948,
        -0.06169714033603668,
        0.05792680010199547
      ],
      "fovx_rad": 1.0923480987548828,
      "fovy_rad": 0.8623522520065308,
      "intrinsics": [
        [
          0.82256680727005,
          0.0,
          0.5002111792564392
        ],
        [
          0.0,
          1.086849570274353,
          0.5001588463783264
        ],
        [
          0.0,
          0.0,
          1.0
        ]
      ],
      "width": 507,
      "height": 384
    },
    "ring_front_left": {
      "timestamp_ns": 315976433737425439,
      "image": "ring_front_left.jpg",
      "translation": [
        1.55712890625,
        0.218017578125,
        1.4315948486328125
      ],
      "quaternion_wxyz": [
        0.6391438245773315,
        -0.6704006791114807,
        0.2741377651691437,
        -0.2586643695831299
      ],
      "fovx_rad": 1.0943412780761719,
      "fovy_rad": 0.8640576004981995,
      "intrinsics": [
        [
          0.8207229375839233,
          0.0,
          0.5002560019493103
        ],
        [
          0.0,
          1.0844132900238037,
          0.4993645250797272
        ],
        [
          0.0,
          0.0,
          1.0
        ]
      ],
      "width": 507,
      "height": 384
    },
    "ring_front_center": {
      "timestamp_ns": 315976433749927219,
      "image": "ring_front_center.jpg",
      "translation": [
        1.64453125,
        0.000732421875,
        1.442779541015625
      ],
      "quaternion_wxyz": [
        0.5054629445075989,
        -0.5021681189537048,
        0.4952095150947571,
        -0.49709370732307434
      ],
      "fovx_rad": 0.822698712348938,
      "fovy_rad": 1.0457639694213867,
      "intrinsics": [
        [
          1.146167516708374,
          0.0,
          0.5010576844215393
        ],
        [
          0.0,
          0.8674607872962952,
          0.4986589848995209
        ],
        [
          0.0,
          0.0,
          1.0
        ]
      ],
      "width": 384,
      "height": 507
    },
    "ring_front_right": {
      "timestamp_ns": 315976433762451245,
      "image": "ring_front_right.jpg",
      "translation": [
        1.56103515625,
        -0.217529296875,
        1.4333038330078125
      ],
      "quaternion_wxyz": [
        0.2705528438091278,
        -0.27886155247688293,
        0.6665391325950623,
        -0.636210560798645
      ],
      "fovx_rad": 1.0923917293548584,
      "fovy_rad": 0.8623896241188049,
      "intrinsics": [
        [
          0.8225263357162476,
          0.0,
          0.5008628368377686
        ],
        [
          0.0,
          1.0867960453033447,
          0.49998971819877625
        ],
        [
          0.0,
          0.0,
          1.0
        ]
      ],
      "width": 507,
      "height": 384
    },
    "ring_side_right": {
      "timestamp_ns": 315976433777482490,
      "image": "ring_side_right.jpg",
      "translation": [
        1.30419921875,
        -0.2978515625,
        1.4464569091796875
      ],
      "quaternion_wxyz": [
        0.054729338735342026,
        -0.058331675827503204,
        -0.7225611209869385,
        0.6866644024848938
      ],
      "fovx_rad": 1.093524694442749,
      "fovy_rad": 0.8633587956428528,
      "intrinsics": [
        [
          0.8214775919914246,
          0.0,
          0.49987512826919556
        ],
        [
          0.0,
          1.085410475730896,
          0.49960005283355713
        ],
        [
          0.0,
          0.0,
          1.0
        ]
      ],
      "width": 507,
      "height": 384
    },
    "ring_rear_right": {
      "timestamp_ns": 315976433742441187,
      "image": "ring_rear_right.jpg",
      "translation": [
        1.0791015625,
        -0.136962890625,
        1.427520751953125
      ],
      "quaternion_wxyz": [
        0.366176962852478,
        -0.36982131004333496,
        -0.6022414565086365,
        0.6053533554077148
      ],
      "fovx_rad": 1.0932689905166626,
      "fovy_rad": 0.8631400465965271,
      "intrinsics": [
        [
          0.8217141032218933,
          0.0,
          0.5014453530311584
        ],
        [
          0.0,
          1.0857229232788086,
          0.5003969669342041
        ],
        [
          0.0,
          0.0,
          1.0
        ]
      ],
      "width": 507,
      "height": 384
    }
  }
}