{
  "split": "test",
  "scene_name": "4612f4a4-59b0-37d4-b3d1-400a1324920c",
  "scene_path": "/home/jovyan/datasets/self-driving/argoverse2/sensor/test/4612f4a4-59b0-37d4-b3d1-400a1324920c",
  "global_idx": 5295,
  "scene_idx": 33,
  "scene_sample_idx": 87,
  "cameras": {
    "ring_rear_left": {
      "timestamp_ns": 315969117557428268,
      "image": "ring_rear_left.jpg",
      "translation": [
        1.08514404296875,
        0.11920166015625,
        1.4229555130004883
      ],
      "quaternion_wxyz": [
        0.6005572080612183,
        -0.6027113795280457,
        -0.37028637528419495,
        0.3727705180644989
      ],
      "fovx_rad": 1.0932790040969849,
      "fovy_rad": 0.8631486892700195,
      "intrinsics": [
        [
          0.8217048048973083,
          0.0,
          0.5024594664573669
        ],
        [
          0.0,
          1.0857105255126953,
          0.4979885518550873
        ],
        [
          0.0,
          0.0,
          1.0
        ]
      ],
      "width": 507,
      "height": 384
    },
    "ring_side_left": {
      "timestamp_ns": 315969117572412936,
      "image": "ring_side_left.jpg",
      "translation": [
        1.33587646484375,
        0.2645263671875,
        1.4192380905151367
      ],
      "quaternion_wxyz": [
        0.6862167716026306,
        -0.7227035164833069,
        -0.05939978361129761,
        0.05725271999835968
      ],
      "fovx_rad": 1.0911481380462646,
      "fovy_rad": 0.8613258600234985,
      "intrinsics": [
        [
          0.8236797451972961,
          0.0,
          0.4992136061191559
        ],
        [
          0.0,
          1.0883201360702515,
          0.4947373867034912
        ],
        [
          0.0,
          0.0,
          1.0
        ]
      ],
      "width": 507,
      "height": 384
    },
    "ring_front_left": {
      "timestamp_ns": 315969117537425442,
      "image": "ring_front_left.jpg",
      "translation": [
        1.47698974609375,
        0.20013427734375,
        1.414668083190918
      ],
      "quaternion_wxyz": [
        0.6371840238571167,
        -0.6707956790924072,
        0.27645811438560486,
        -0.2600010931491852
      ],
      "fovx_rad": 1.091088891029358,
      "fovy_rad": 0.8612751960754395,
      "intrinsics": [
        [
          0.8237348198890686,
          0.0,
          0.4999319911003113
        ],
        [
          0.0,
          1.0883928537368774,
          0.4935908019542694
        ],
        [
          0.0,
          0.0,
          1.0
        ]
      ],
      "width": 507,
      "height": 384
    },
    "ring_front_center": {
      "timestamp_ns": 315969117549927221,
      "image": "ring_front_center.jpg",
      "translation": [
        1.59967041015625,
        0.00335693359375,
        1.4163322448730469
      ],
      "quaternion_wxyz": [
        0.5021690130233765,
        -0.5018695592880249,
        0.4995017945766449,
        -0.4964384436607361
      ],
      "fovx_rad": 0.8230491876602173,
      "fovy_rad": 1.046177625656128,
      "intrinsics": [
        [
          1.1456197500228882,
          0.0,
          0.501339852809906
        ],
        [
          0.0,
          0.8670462369918823,
          0.4962365925312042
        ],
        [
          0.0,
          0.0,
          1.0
        ]
      ],
      "width": 384,
      "height": 507
    },
    "ring_front_right": {
      "timestamp_ns": 315969117562451244,
      "image": "ring_front_right.jpg",
      "translation": [
        1.5550537109375,
        -0.192962646484375,
        1.4183006286621094
      ],
      "quaternion_wxyz": [
        0.2639666795730591,
        -0.2790079712867737,
        0.6722102165222168,
        -0.6329373121261597
      ],
      "fovx_rad": 1.0925145149230957,
      "fovy_rad": 0.8624944686889648,
      "intrinsics": [
        [
          0.8224126696586609,
          0.0,
          0.502087414264679
        ],
        [
          0.0,
          1.0866459608078003,
          0.49449044466018677
        ],
        [
          0.0,
          0.0,
          1.0
        ]
      ],
      "width": 507,
      "height": 384
    },
    "ring_side_right": {
      "timestamp_ns": 315969117577482488,
      "image": "ring_side_right.jpg",
      "translation": [
        1.35748291015625,
        -0.2734375,
        1.4157648086547852
      ],
      "quaternion_wxyz": [
        0.0536591112613678,
        -0.05465569347143173,
        -0.7261971831321716,
        0.6832064390182495
      ],
      "fovx_rad": 1.0919572114944458,
      "fovy_rad": 0.8620179295539856,
      "intrinsics": [
        [
          0.8229290246963501,
          0.0,
          0.5020702481269836
        ],
        [
          0.0,
          1.0873281955718994,
          0.49375924468040466
        ],
        [
          0.0,
          0.0,
          1.0
        ]
      ],
      "width": 507,
      "height": 384
    },
    "ring_rear_right": {
      "timestamp_ns": 315969117542441184,
      "image": "ring_rear_right.jpg",
      "translation": [
        1.06182861328125,
        -0.131683349609375,
        1.4297657012939453
      ],
      "quaternion_wxyz": [
        0.3683015704154968,
        -0.36672258377075195,
        -0.6060665249824524,
        0.6021228432655334
      ],
      "fovx_rad": 1.0906556844711304,
      "fovy_rad": 0.8609046936035156,
      "intrinsics": [
        [
          0.8241372108459473,
          0.0,
          0.4995384216308594
        ],
        [
          0.0,
          1.088924527168274,
          0.49786651134490967
        ],
        [
          0.0,
          0.0,
          1.0
        ]
      ],
      "width": 507,
      "height": 384
    }
  }
}