{
  "occupancy_file": "occ_frame000121.bin",
  "grid_shape": [
    400,
    400,
    32
  ],
  "bounds": {
    "x": [
      -40.0,
      40.0
    ],
    "y": [
      -40.0,
      40.0
    ],
    "z": [
      -1.0,
      5.4
    ]
  },
  "voxel_size": 0.2,
  "occupancy_range": [
    1.0525348648204869e-10,
    0.9999964237213135
  ]
}
