{
  "global_idx": 3040,
  "scene_name": "8993680275027614595_2520_000_2540_000",
  "scene_idx": 15,
  "scene_sample_idx": 137,
  "cameras": {
    "FRONT": {
      "translation": [
        1.5400390625,
        -0.0224609375,
        2.1156005859375
      ],
      "quaternion": [
        0.5009453892707825,
        -0.503555178642273,
        0.5009904503822327,
        -0.49446380138397217
      ],
      "fovx_rad": 0.8698425889015198,
      "K": [
        [
          1.0762155055999756,
          0.0,
          0.49070870876312256
        ],
        [
          0.0,
          1.6143232583999634,
          0.5000594854354858
        ],
        [
          0.0,
          0.0,
          1.0
        ]
      ],
      "timestamp_sec": 1555280210.2247496
    },
    "FRONT_LEFT": {
      "translation": [
        1.3955078125,
        0.091796875,
        2.1148223876953125
      ],
      "quaternion": [
        0.6473246812820435,
        -0.6576134562492371,
        0.27456241846084595,
        -0.27042731642723083
      ],
      "fovx_rad": 0.8706929683685303,
      "K": [
        [
          1.075019121170044,
          0.0,
          0.5029682517051697
        ],
        [
          0.0,
          1.612528681755066,
          0.498047798871994
        ],
        [
          0.0,
          0.0,
          1.0
        ]
      ],
      "timestamp_sec": 1555280210.2147496
    },
    "FRONT_RIGHT": {
      "translation": [
        1.5869140625,
        -0.0927734375,
        2.11517333984375
      ],
      "quaternion": [
        0.27158135175704956,
        -0.27356305718421936,
        0.654074490070343,
        -0.6508404612541199
      ],
      "fovx_rad": 0.8762035965919495,
      "K": [
        [
          1.0673185586929321,
          0.0,
          0.5009505152702332
        ],
        [
          0.0,
          1.6009777784347534,
          0.4983813464641571
        ],
        [
          0.0,
          0.0,
          1.0
        ]
      ],
      "timestamp_sec": 1555280210.2347496
    },
    "LEFT": {
      "translation": [
        1.236328125,
        0.111328125,
        2.1144256591796875
      ],
      "quaternion": [
        0.6969443559646606,
        -0.7171216011047363,
        0.0003790557384490967,
        -0.0022474313154816628
      ],
      "fovx_rad": 0.8752645254135132,
      "K": [
        [
          1.068624496459961,
          0.0,
          0.5055021643638611
        ],
        [
          0.0,
          2.3157551288604736,
          0.28641027212142944
        ],
        [
          0.0,
          0.0,
          1.0
        ]
      ],
      "timestamp_sec": 1555280210.2047493
    },
    "RIGHT": {
      "translation": [
        1.71875,
        -0.111328125,
        2.1157379150390625
      ],
      "quaternion": [
        0.0006327629089355469,
        -0.005007892847061157,
        0.7065136432647705,
        -0.7076815962791443
      ],
      "fovx_rad": 0.8710721135139465,
      "K": [
        [
          1.0744863748550415,
          0.0,
          0.501308798789978
        ],
        [
          0.0,
          2.328458070755005,
          0.2984924912452698
        ],
        [
          0.0,
          0.0,
          1.0
        ]
      ],
      "timestamp_sec": 1555280210.2547498
    }
  }
}