{
  "split": "test",
  "sequence": "000200",
  "global_idx": 4946,
  "frame_id": 1618797585799,
  "pose_world_se3_ego": [
    0.0031509753999878235,
    0.00449860916224056,
    0.10784249837823538,
    0.9941528199493147,
    195.07372659563742,
    -709.3217554266413,
    -6.06769587309674
  ],
  "cameras": {
    "cam01": {
      "image": "cam01.jpg",
      "translation": [
        1.3725835084915161,
        -0.13617926836013794,
        1.3968583345413208
      ],
      "quaternion": [
        0.4996761679649353,
        -0.5003235936164856,
        0.49548158049583435,
        -0.5044779777526855
      ],
      "K": [
        [
          0.4993914067745209,
          0.0,
          0.486972451210022
        ],
        [
          0.0,
          0.9434394240379333,
          0.5089418888092041
        ],
        [
          0.0,
          0.0,
          1.0
        ]
      ],
      "fovx_rad": 1.5720142126083374
    },
    "cam03": {
      "image": "cam03.jpg",
      "translation": [
        1.4149975776672363,
        0.04181118309497833,
        1.391709327697754
      ],
      "quaternion": [
        0.5036559104919434,
        -0.5014337301254272,
        0.4885860085487366,
        -0.506140947341919
      ],
      "K": [
        [
          1.0095552206039429,
          0.0,
          0.4997395873069763
        ],
        [
          0.0,
          1.899115800857544,
          0.4995098114013672
        ],
        [
          0.0,
          0.0,
          1.0
        ]
      ],
      "fovx_rad": 0.9197090268135071
    },
    "cam05": {
      "image": "cam05.jpg",
      "translation": [
        2.249666213989258,
        0.9349271655082703,
        0.7096208930015564
      ],
      "quaternion": [
        0.6611838340759277,
        -0.6537839770317078,
        -0.26308703422546387,
        0.2572695314884186
      ],
      "K": [
        [
          0.4980098009109497,
          0.0,
          0.4906853139400482
        ],
        [
          0.0,
          0.9385481476783752,
          0.5244795083999634
        ],
        [
          0.0,
          0.0,
          1.0
        ]
      ],
      "fovx_rad": 1.5747846364974976
    },
    "cam06": {
      "image": "cam06.jpg",
      "translation": [
        -0.6370360851287842,
        0.8263700008392334,
        0.923088014125824
      ],
      "quaternion": [
        0.6826474070549011,
        -0.6777880191802979,
        0.19378265738487244,
        -0.19246865808963776
      ],
      "K": [
        [
          0.500089704990387,
          0.0,
          0.48488152027130127
        ],
        [
          0.0,
          0.9422021508216858,
          0.5172857642173767
        ],
        [
          0.0,
          0.0,
          1.0
        ]
      ],
      "fovx_rad": 1.5706169605255127
    },
    "cam07": {
      "image": "cam07.jpg",
      "translation": [
        -0.6631609201431274,
        -0.8282493948936462,
        0.9270713329315186
      ],
      "quaternion": [
        0.20587170124053955,
        -0.18160668015480042,
        0.6704170107841492,
        -0.6893307566642761
      ],
      "K": [
        [
          0.49933552742004395,
          0.0,
          0.49222567677497864
        ],
        [
          0.0,
          0.940464973449707,
          0.5305417776107788
        ],
        [
          0.0,
          0.0,
          1.0
        ]
      ],
      "fovx_rad": 1.5721261501312256
    },
    "cam08": {
      "image": "cam08.jpg",
      "translation": [
        2.2455806732177734,
        -0.9412443041801453,
        0.7089202404022217
      ],
      "quaternion": [
        0.22864897549152374,
        -0.22977271676063538,
        -0.6654943823814392,
        0.6723402142524719
      ],
      "K": [
        [
          0.5007385611534119,
          0.0,
          0.48596251010894775
        ],
        [
          0.0,
          0.9426608085632324,
          0.5279372334480286
        ],
        [
          0.0,
          0.0,
          1.0
        ]
      ],
      "fovx_rad": 1.5693203210830688
    },
    "cam09": {
      "image": "cam09.jpg",
      "translation": [
        0.23468191921710968,
        -0.003435298101976514,
        1.4737293720245361
      ],
      "quaternion": [
        0.505810022354126,
        -0.48543068766593933,
        -0.49243736267089844,
        0.5157700181007385
      ],
      "K": [
        [
          0.4986392855644226,
          0.0,
          0.4988495707511902
        ],
        [
          0.0,
          0.942008912563324,
          0.5542206764221191
        ],
        [
          0.0,
          0.0,
          1.0
        ]
      ],
      "fovx_rad": 1.573521375656128
    }
  }
}