{
  "split": "test",
  "scene_name": "9da07440-1001-3b00-a29f-c8bdc2f2b7d4",
  "scene_path": "/home/jovyan/datasets/self-driving/argoverse2/sensor/test/9da07440-1001-3b00-a29f-c8bdc2f2b7d4",
  "global_idx": 13572,
  "scene_idx": 86,
  "scene_sample_idx": 60,
  "cameras": {
    "ring_rear_left": {
      "timestamp_ns": 315966518857428278,
      "image": "ring_rear_left.jpg",
      "translation": [
        1.10595703125,
        0.12158203125,
        1.4455718994140625
      ],
      "quaternion_wxyz": [
        0.600693941116333,
        -0.604505181312561,
        -0.37134626507759094,
        0.36856797337532043
      ],
      "fovx_rad": 1.0921837091445923,
      "fovy_rad": 0.8622115254402161,
      "intrinsics": [
        [
          0.822719156742096,
          0.0,
          0.502611517906189
        ],
        [
          0.0,
          1.0870509147644043,
          0.49785467982292175
        ],
        [
          0.0,
          0.0,
          1.0
        ]
      ],
      "width": 507,
      "height": 384
    },
    "ring_side_left": {
      "timestamp_ns": 315966518872412944,
      "image": "ring_side_left.jpg",
      "translation": [
        1.30810546875,
        0.2666015625,
        1.4380950927734375
      ],
      "quaternion_wxyz": [
        0.6835206747055054,
        -0.7254751920700073,
        -0.05735573172569275,
        0.05652933195233345
      ],
      "fovx_rad": 1.0938093662261963,
      "fovy_rad": 0.8636023998260498,
      "intrinsics": [
        [
          0.8212143778800964,
          0.0,
          0.502796471118927
        ],
        [
          0.0,
          1.0850626230239868,
          0.497159868478775
        ],
        [
          0.0,
          0.0,
          1.0
        ]
      ],
      "width": 507,
      "height": 384
    },
    "ring_front_left": {
      "timestamp_ns": 315966518837425444,
      "image": "ring_front_left.jpg",
      "translation": [
        1.5400390625,
        0.1943359375,
        1.437896728515625
      ],
      "quaternion_wxyz": [
        0.6348440051078796,
        -0.6721726059913635,
        0.2795831859111786,
        -0.25882458686828613
      ],
      "fovx_rad": 1.0925322771072388,
      "fovy_rad": 0.8625098466873169,
      "intrinsics": [
        [
          0.8223960995674133,
          0.0,
          0.5020260214805603
        ],
        [
          0.0,
          1.086624026298523,
          0.4971642792224884
        ],
        [
          0.0,
          0.0,
          1.0
        ]
      ],
      "width": 507,
      "height": 384
    },
    "ring_front_center": {
      "timestamp_ns": 315966518849927220,
      "image": "ring_front_center.jpg",
      "translation": [
        1.62255859375,
        0.002197265625,
        1.438507080078125
      ],
      "quaternion_wxyz": [
        0.49788352847099304,
        -0.5010626316070557,
        0.5027503371238708,
        -0.4982873201370239
      ],
      "fovx_rad": 0.8229029178619385,
      "fovy_rad": 1.0460050106048584,
      "intrinsics": [
        [
          1.145848274230957,
          0.0,
          0.49779921770095825
        ],
        [
          0.0,
          0.8672192096710205,
          0.4977709949016571
        ],
        [
          0.0,
          0.0,
          1.0
        ]
      ],
      "width": 384,
      "height": 507
    },
    "ring_front_right": {
      "timestamp_ns": 315966518862451245,
      "image": "ring_front_right.jpg",
      "translation": [
        1.54296875,
        -0.19287109375,
        1.4375457763671875
      ],
      "quaternion_wxyz": [
        0.2635701298713684,
        -0.277021199464798,
        0.6733042001724243,
        -0.6328123211860657
      ],
      "fovx_rad": 1.0926967859268188,
      "fovy_rad": 0.8626505732536316,
      "intrinsics": [
        [
          0.8222437500953674,
          0.0,
          0.5018688440322876
        ],
        [
          0.0,
          1.0864226818084717,
          0.49723753333091736
        ],
        [
          0.0,
          0.0,
          1.0
        ]
      ],
      "width": 507,
      "height": 384
    },
    "ring_side_right": {
      "timestamp_ns": 315966518877482492,
      "image": "ring_side_right.jpg",
      "translation": [
        1.31005859375,
        -0.267578125,
        1.4306182861328125
      ],
      "quaternion_wxyz": [
        0.05282524228096008,
        -0.05881386995315552,
        -0.7265989780426025,
        0.6824986338615417
      ],
      "fovx_rad": 1.0928882360458374,
      "fovy_rad": 0.8628143072128296,
      "intrinsics": [
        [
          0.8220664858818054,
          0.0,
          0.5017499923706055
        ],
        [
          0.0,
          1.086188554763794,
          0.4973949193954468
        ],
        [
          0.0,
          0.0,
          1.0
        ]
      ],
      "width": 507,
      "height": 384
    },
    "ring_rear_right": {
      "timestamp_ns": 315966518842441188,
      "image": "ring_rear_right.jpg",
      "translation": [
        1.1083984375,
        -0.1259765625,
        1.4420623779296875
      ],
      "quaternion_wxyz": [
        0.3643999695777893,
        -0.3737311065196991,
        -0.6094444394111633,
        0.5967537760734558
      ],
      "fovx_rad": 1.0921893119812012,
      "fovy_rad": 0.8622164130210876,
      "intrinsics": [
        [
          0.8227139711380005,
          0.0,
          0.5018284320831299
        ],
        [
          0.0,
          1.0870440006256104,
          0.4968793988227844
        ],
        [
          0.0,
          0.0,
          1.0
        ]
      ],
      "width": 507,
      "height": 384
    }
  }
}