{
  "viz_camera_order": [
    "ring_rear_left",
    "ring_side_left",
    "ring_front_left",
    "ring_front_center",
    "ring_front_right",
    "ring_side_right",
    "ring_rear_right"
  ],
  "camera_order": [
    "ring_rear_left",
    "ring_side_left",
    "ring_front_left",
    "ring_front_center",
    "ring_front_right",
    "ring_side_right",
    "ring_rear_right"
  ],
  "quat_convention": "wxyz",
  "bounds": {
    "x": [
      -40.0,
      40.0
    ],
    "y": [
      -40.0,
      40.0
    ]
  },
  "cameras": {
    "ring_rear_left": {
      "t": [
        1.094970703125,
        0.123291015625,
        1.4528388977050781
      ],
      "q": [
        0.6040573120117188,
        -0.601741373538971,
        -0.37018370628356934,
        0.36876362562179565
      ],
      "fov": 1.092221736907959
    },
    "ring_side_left": {
      "t": [
        1.349365234375,
        0.26513671875,
        1.4458255767822266
      ],
      "q": [
        0.6871367692947388,
        -0.7221534252166748,
        -0.05816364288330078,
        0.054361242800951004
      ],
      "fov": 1.0916306972503662
    },
    "ring_front_left": {
      "t": [
        1.48095703125,
        0.189697265625,
        1.4507274627685547
      ],
      "q": [
        0.6350201964378357,
        -0.6702296137809753,
        0.2809607982635498,
        -0.2619221806526184
      ],
      "fov": 1.0910342931747437
    },
    "ring_front_center": {
      "t": [
        1.591552734375,
        -0.005615234375,
        1.4643592834472656
      ],
      "q": [
        0.5034626722335815,
        -0.4978179931640625,
        0.5019133687019348,
        -0.49677520990371704
      ],
      "fov": 0.8236820101737976
    },
    "ring_front_right": {
      "t": [
        1.556640625,
        -0.1953125,
        1.4416637420654297
      ],
      "q": [
        0.264302134513855,
        -0.276750773191452,
        0.6727988719940186,
        -0.633163332939148
      ],
      "fov": 1.0929733514785767
    },
    "ring_side_right": {
      "t": [
        1.357177734375,
        -0.26806640625,
        1.4480361938476562
      ],
      "q": [
        0.057053834199905396,
        -0.0597018301486969,
        -0.7269256114959717,
        0.6817333102226257
      ],
      "fov": 1.0917917490005493
    },
    "ring_rear_right": {
      "t": [
        1.054443359375,
        -0.12841796875,
        1.4468936920166016
      ],
      "q": [
        0.3728630542755127,
        -0.3712397813796997,
        -0.604780375957489,
        0.5978260040283203
      ],
      "fov": 1.0922653675079346
    }
  }
}