{
  "global_idx": 202,
  "scene_name": "10980133015080705026_780_000_800_000",
  "scene_idx": 1,
  "scene_sample_idx": 36,
  "cameras": {
    "FRONT": {
      "translation": [
        1.538330078125,
        -0.0234375,
        2.1152725219726562
      ],
      "quaternion": [
        0.49906855821609497,
        -0.5039119124412537,
        0.5027382373809814,
        -0.49422433972358704
      ],
      "fovx_rad": 0.8738458156585693,
      "K": [
        [
          1.0706021785736084,
          0.0,
          0.48940494656562805
        ],
        [
          0.0,
          1.6059032678604126,
          0.5008376240730286
        ],
        [
          0.0,
          0.0,
          1.0
        ]
      ],
      "timestamp_sec": 1557159338.592489
    },
    "FRONT_LEFT": {
      "translation": [
        1.431884765625,
        0.091796875,
        2.1155166625976562
      ],
      "quaternion": [
        0.6474393010139465,
        -0.6554484963417053,
        0.27761518955230713,
        -0.2722855806350708
      ],
      "fovx_rad": 0.8708173632621765,
      "K": [
        [
          1.074844241142273,
          0.0,
          0.5055893659591675
        ],
        [
          0.0,
          1.6122663021087646,
          0.4999282956123352
        ],
        [
          0.0,
          0.0,
          1.0
        ]
      ],
      "timestamp_sec": 1557159338.582489
    },
    "FRONT_RIGHT": {
      "translation": [
        1.611572265625,
        -0.0927734375,
        2.1149978637695312
      ],
      "quaternion": [
        0.27575886249542236,
        -0.27430009841918945,
        0.6523928046226501,
        -0.6504613757133484
      ],
      "fovx_rad": 0.8736470341682434,
      "K": [
        [
          1.0708798170089722,
          0.0,
          0.48736652731895447
        ],
        [
          0.0,
          1.6063196659088135,
          0.48781752586364746
        ],
        [
          0.0,
          0.0,
          1.0
        ]
      ],
      "timestamp_sec": 1557159338.612489
    },
    "LEFT": {
      "translation": [
        1.31005859375,
        0.111328125,
        2.1148109436035156
      ],
      "quaternion": [
        0.6998904943466187,
        -0.7142329216003418,
        0.003961831331253052,
        0.0029790138360112906
      ],
      "fovx_rad": 0.8696573376655579,
      "K": [
        [
          1.0764764547348022,
          0.0,
          0.4962816834449768
        ],
        [
          0.0,
          2.332770824432373,
          0.2816011309623718
        ],
        [
          0.0,
          0.0,
          1.0
        ]
      ],
      "timestamp_sec": 1557159338.5724888
    },
    "RIGHT": {
      "translation": [
        1.610595703125,
        -0.109375,
        2.1157913208007812
      ],
      "quaternion": [
        0.0002785027027130127,
        -0.001017063856124878,
        -0.7077405452728271,
        0.7064716815948486
      ],
      "fovx_rad": 0.8741288781166077,
      "K": [
        [
          1.070207118988037,
          0.0,
          0.5066372752189636
        ],
        [
          0.0,
          2.3191847801208496,
          0.2737005949020386
        ],
        [
          0.0,
          0.0,
          1.0
        ]
      ],
      "timestamp_sec": 1557159338.6224892
    }
  }
}