{
  "split": "test",
  "scene_name": "4e6d6bcd-8718-3e71-b9c1-7c352c991a56",
  "scene_path": "/home/jovyan/datasets/self-driving/argoverse2/sensor/test/4e6d6bcd-8718-3e71-b9c1-7c352c991a56",
  "global_idx": 6565,
  "scene_idx": 41,
  "scene_sample_idx": 103,
  "cameras": {
    "ring_rear_left": {
      "timestamp_ns": 315970281257428278,
      "image": "ring_rear_left.jpg",
      "translation": [
        1.093017578125,
        0.1162109375,
        1.409210205078125
      ],
      "quaternion_wxyz": [
        0.6007609963417053,
        -0.6029841899871826,
        -0.3728054165840149,
        0.369475781917572
      ],
      "fovx_rad": 1.0909684896469116,
      "fovy_rad": 0.8611722588539124,
      "intrinsics": [
        [
          0.8238466382026672,
          0.0,
          0.49987345933914185
        ],
        [
          0.0,
          1.0885405540466309,
          0.49924856424331665
        ],
        [
          0.0,
          0.0,
          1.0
        ]
      ],
      "width": 507,
      "height": 384
    },
    "ring_side_left": {
      "timestamp_ns": 315970281272412942,
      "image": "ring_side_left.jpg",
      "translation": [
        1.333984375,
        0.263671875,
        1.4005126953125
      ],
      "quaternion_wxyz": [
        0.6852417588233948,
        -0.7239197492599487,
        -0.059121906757354736,
        0.05374446511268616
      ],
      "fovx_rad": 1.0919040441513062,
      "fovy_rad": 0.8619723916053772,
      "intrinsics": [
        [
          0.8229783773422241,
          0.0,
          0.5009684562683105
        ],
        [
          0.0,
          1.0873934030532837,
          0.5006116032600403
        ],
        [
          0.0,
          0.0,
          1.0
        ]
      ],
      "width": 507,
      "height": 384
    },
    "ring_front_left": {
      "timestamp_ns": 315970281237425436,
      "image": "ring_front_left.jpg",
      "translation": [
        1.490478515625,
        0.2080078125,
        1.400299072265625
      ],
      "quaternion_wxyz": [
        0.6368817090988159,
        -0.6728019118309021,
        0.2753385007381439,
        -0.25672540068626404
      ],
      "fovx_rad": 1.091214656829834,
      "fovy_rad": 0.8613827228546143,
      "intrinsics": [
        [
          0.8236180543899536,
          0.0,
          0.5009705424308777
        ],
        [
          0.0,
          1.0882385969161987,
          0.49993374943733215
        ],
        [
          0.0,
          0.0,
          1.0
        ]
      ],
      "width": 507,
      "height": 384
    },
    "ring_front_center": {
      "timestamp_ns": 315970281249927216,
      "image": "ring_front_center.jpg",
      "translation": [
        1.6005859375,
        0.0126953125,
        1.40118408203125
      ],
      "quaternion_wxyz": [
        0.5017694234848022,
        -0.5016225576400757,
        0.49947887659072876,
        -0.4971145689487457
      ],
      "fovx_rad": 0.8218673467636108,
      "fovy_rad": 1.0447824001312256,
      "intrinsics": [
        [
          1.1474688053131104,
          0.0,
          0.5005705952644348
        ],
        [
          0.0,
          0.868445634841919,
          0.4993312656879425
        ],
        [
          0.0,
          0.0,
          1.0
        ]
      ],
      "width": 384,
      "height": 507
    },
    "ring_front_right": {
      "timestamp_ns": 315970281262451244,
      "image": "ring_front_right.jpg",
      "translation": [
        1.554931640625,
        -0.19189453125,
        1.401519775390625
      ],
      "quaternion_wxyz": [
        0.26320889592170715,
        -0.2766697108745575,
        0.6717631816864014,
        -0.6347512602806091
      ],
      "fovx_rad": 1.092003583908081,
      "fovy_rad": 0.8620575666427612,
      "intrinsics": [
        [
          0.8228861093521118,
          0.0,
          0.5005987882614136
        ],
        [
          0.0,
          1.0872714519500732,
          0.5017527341842651
        ],
        [
          0.0,
          0.0,
          1.0
        ]
      ],
      "width": 507,
      "height": 384
    },
    "ring_side_right": {
      "timestamp_ns": 315970281277482488,
      "image": "ring_side_right.jpg",
      "translation": [
        1.350341796875,
        -0.2724609375,
        1.3931884765625
      ],
      "quaternion_wxyz": [
        0.05156427621841431,
        -0.060405224561691284,
        -0.724097490310669,
        0.6851094961166382
      ],
      "fovx_rad": 1.0900617837905884,
      "fovy_rad": 0.8603969216346741,
      "intrinsics": [
        [
          0.8246892690658569,
          0.0,
          0.5010063052177429
        ],
        [
          0.0,
          1.0896539688110352,
          0.5010295510292053
        ],
        [
          0.0,
          0.0,
          1.0
        ]
      ],
      "width": 507,
      "height": 384
    },
    "ring_rear_right": {
      "timestamp_ns": 315970281242441190,
      "image": "ring_rear_right.jpg",
      "translation": [
        1.06982421875,
        -0.1318359375,
        1.405181884765625
      ],
      "quaternion_wxyz": [
        0.36592838168144226,
        -0.3688470423221588,
        -0.6069240570068359,
        0.6014076471328735
      ],
      "fovx_rad": 1.0931661128997803,
      "fovy_rad": 0.8630521297454834,
      "intrinsics": [
        [
          0.8218092322349548,
          0.0,
          0.5001227259635925
        ],
        [
          0.0,
          1.0858485698699951,
          0.5007346272468567
        ],
        [
          0.0,
          0.0,
          1.0
        ]
      ],
      "width": 507,
      "height": 384
    }
  }
}